<?xml version="1.0" encoding="UTF-8"?>
<!-- gematik revision="\main\rel_ors2\9" -->
<PolicySet xmlns="urn:oasis:names:tc:xacml:2.0:policy:schema:os" xmlns:xsi="http://www.w3.org/2001/XMLSchema-instance" xsi:schemaLocation="urn:oasis:names:tc:xacml:2.0:policy:schema:os ../../../../ext/IHE/ihe-appc-xacml-combined-schema-1.0.xsd" PolicyCombiningAlgId="urn:oasis:names:tc:xacml:1.0:policy-combining-algorithm:deny-overrides" PolicySetId="urn:gematik:policy-set-id:permissions-access-group-insurant" Version="1.0.1">
	<Target/>
	<Policy PolicyId="urn:uuid:e84a950d-7e73-4ca5-865d-035bc7f381f4" RuleCombiningAlgId="urn:oasis:names:tc:xacml:1.0:rule-combining-algorithm:deny-overrides">
		<Target>
			<Resources>
				<Resource>
					<ResourceMatch MatchId="urn:hl7-org:v3:function:CV-equal">
						<AttributeValue DataType="urn:hl7-org:v3#CV">
							<CodedValue xmlns="urn:hl7-org:v3" code="PAT" codeSystem="1.2.276.0.76.5.491" codeSystemName="ePA-Vertraulichkeit" displayName="Dokument eines Versicherten"/>
						</AttributeValue>
						<ResourceAttributeDesignator AttributeId="urn:ihe:iti:appc:2016:confidentiality-code" DataType="urn:hl7-org:v3#CV" MustBePresent="true"/>
					</ResourceMatch>
				</Resource>
			</Resources>
			<Actions>
				<Action>
					<!--  CrossGatewayDocumentProvide -->
					<ActionMatch MatchId="urn:oasis:names:tc:xacml:1.0:function:anyURI-equal">
						<AttributeValue DataType="http://www.w3.org/2001/XMLSchema#anyURI">urn:ihe:iti:2015:CrossGatewayDocumentProvide</AttributeValue>
						<ActionAttributeDesignator AttributeId="urn:oasis:names:tc:xacml:1.0:action:action-id" DataType="http://www.w3.org/2001/XMLSchema#anyURI"/>
					</ActionMatch>
				</Action>
				<!-- OR -->
				<Action>
					<!--  ProvideAndRegisterDocumentSet-b -->
					<ActionMatch MatchId="urn:oasis:names:tc:xacml:1.0:function:anyURI-equal">
						<AttributeValue DataType="http://www.w3.org/2001/XMLSchema#anyURI">urn:ihe:iti:2007:ProvideAndRegisterDocumentSet-b</AttributeValue>
						<ActionAttributeDesignator AttributeId="urn:oasis:names:tc:xacml:1.0:action:action-id" DataType="http://www.w3.org/2001/XMLSchema#anyURI"/>
					</ActionMatch>
				</Action>
			</Actions>
		</Target>
		<Rule RuleId="urn:uuid:9bdd81ac-b2ef-4338-abd9-f2e0753d75be" Effect="Permit"/>
	</Policy>
	<Policy PolicyId="urn:uuid:74987a9f-d2ed-4a53-8026-a8f6f1e81c89" RuleCombiningAlgId="urn:oasis:names:tc:xacml:1.0:rule-combining-algorithm:deny-overrides">
		<Target>
			<Actions>
				<Action>
					<!-- Registry Stored Query 'FindDocuments' -->
					<ActionMatch MatchId="urn:oasis:names:tc:xacml:1.0:function:anyURI-equal">
						<AttributeValue DataType="http://www.w3.org/2001/XMLSchema#anyURI">urn:ihe:iti:2007:RegistryStoredQuery</AttributeValue>
						<ActionAttributeDesignator AttributeId="urn:oasis:names:tc:xacml:1.0:action:action-id" DataType="http://www.w3.org/2001/XMLSchema#anyURI"/>
					</ActionMatch>
					<!-- AND -->
					<ActionMatch MatchId="urn:oasis:names:tc:xacml:1.0:function:anyURI-equal">
						<AttributeValue DataType="http://www.w3.org/2001/XMLSchema#anyURI">urn:uuid:14d4debf-8f97-4251-9a74-a90016b0af0d</AttributeValue>
						<ActionAttributeDesignator AttributeId="urn:ihe:iti:2016:RegistryStoredQuery:queryId" DataType="http://www.w3.org/2001/XMLSchema#anyURI"/>
					</ActionMatch>
				</Action>
				<!-- OR -->
				<Action>
					<!-- Registry Stored Query 'FindSubmissionSets' -->
					<ActionMatch MatchId="urn:oasis:names:tc:xacml:1.0:function:anyURI-equal">
						<AttributeValue DataType="http://www.w3.org/2001/XMLSchema#anyURI">urn:ihe:iti:2007:RegistryStoredQuery</AttributeValue>
						<ActionAttributeDesignator AttributeId="urn:oasis:names:tc:xacml:1.0:action:action-id" DataType="http://www.w3.org/2001/XMLSchema#anyURI"/>
					</ActionMatch>
					<!-- AND -->
					<ActionMatch MatchId="urn:oasis:names:tc:xacml:1.0:function:anyURI-equal">
						<AttributeValue DataType="http://www.w3.org/2001/XMLSchema#anyURI">urn:uuid:f26abbcb-ac74-4422-8a30-edb644bbc1a9</AttributeValue>
						<ActionAttributeDesignator AttributeId="urn:ihe:iti:2016:RegistryStoredQuery:queryId" DataType="http://www.w3.org/2001/XMLSchema#anyURI"/>
					</ActionMatch>
				</Action>
				<!-- OR -->
				<Action>
					<!-- Registry Stored Query 'GetAll' -->
					<ActionMatch MatchId="urn:oasis:names:tc:xacml:1.0:function:anyURI-equal">
						<AttributeValue DataType="http://www.w3.org/2001/XMLSchema#anyURI">urn:ihe:iti:2007:RegistryStoredQuery</AttributeValue>
						<ActionAttributeDesignator AttributeId="urn:oasis:names:tc:xacml:1.0:action:action-id" DataType="http://www.w3.org/2001/XMLSchema#anyURI"/>
					</ActionMatch>
					<!-- AND -->
					<ActionMatch MatchId="urn:oasis:names:tc:xacml:1.0:function:anyURI-equal">
						<AttributeValue DataType="http://www.w3.org/2001/XMLSchema#anyURI">urn:uuid:10b545ea-725c-446d-9b95-8aeb444eddf3</AttributeValue>
						<ActionAttributeDesignator AttributeId="urn:ihe:iti:2016:RegistryStoredQuery:queryId" DataType="http://www.w3.org/2001/XMLSchema#anyURI"/>
					</ActionMatch>
				</Action>
				<!-- OR -->
				<Action>
					<!-- Registry Stored Query 'GetDocuments' -->
					<ActionMatch MatchId="urn:oasis:names:tc:xacml:1.0:function:anyURI-equal">
						<AttributeValue DataType="http://www.w3.org/2001/XMLSchema#anyURI">urn:ihe:iti:2007:RegistryStoredQuery</AttributeValue>
						<ActionAttributeDesignator AttributeId="urn:oasis:names:tc:xacml:1.0:action:action-id" DataType="http://www.w3.org/2001/XMLSchema#anyURI"/>
					</ActionMatch>
					<!-- AND -->
					<ActionMatch MatchId="urn:oasis:names:tc:xacml:1.0:function:anyURI-equal">
						<AttributeValue DataType="http://www.w3.org/2001/XMLSchema#anyURI">urn:uuid:5c4f972b-d56b-40ac-a5fc-c8ca9b40b9d4</AttributeValue>
						<ActionAttributeDesignator AttributeId="urn:ihe:iti:2016:RegistryStoredQuery:queryId" DataType="http://www.w3.org/2001/XMLSchema#anyURI"/>
					</ActionMatch>
				</Action>
				<!-- OR -->
				<Action>
					<!-- Registry Stored Query 'GetAssociations' -->
					<ActionMatch MatchId="urn:oasis:names:tc:xacml:1.0:function:anyURI-equal">
						<AttributeValue DataType="http://www.w3.org/2001/XMLSchema#anyURI">urn:ihe:iti:2007:RegistryStoredQuery</AttributeValue>
						<ActionAttributeDesignator AttributeId="urn:oasis:names:tc:xacml:1.0:action:action-id" DataType="http://www.w3.org/2001/XMLSchema#anyURI"/>
					</ActionMatch>
					<!-- AND -->
					<ActionMatch MatchId="urn:oasis:names:tc:xacml:1.0:function:anyURI-equal">
						<AttributeValue DataType="http://www.w3.org/2001/XMLSchema#anyURI">urn:uuid:a7ae438b-4bc2-4642-93e9-be891f7bb155</AttributeValue>
						<ActionAttributeDesignator AttributeId="urn:ihe:iti:2016:RegistryStoredQuery:queryId" DataType="http://www.w3.org/2001/XMLSchema#anyURI"/>
					</ActionMatch>
				</Action>
				<!-- OR -->
				<Action>
					<!-- Registry Stored Query 'GetDocumentsAndAssociations' -->
					<ActionMatch MatchId="urn:oasis:names:tc:xacml:1.0:function:anyURI-equal">
						<AttributeValue DataType="http://www.w3.org/2001/XMLSchema#anyURI">urn:ihe:iti:2007:RegistryStoredQuery</AttributeValue>
						<ActionAttributeDesignator AttributeId="urn:oasis:names:tc:xacml:1.0:action:action-id" DataType="http://www.w3.org/2001/XMLSchema#anyURI"/>
					</ActionMatch>
					<!-- AND -->
					<ActionMatch MatchId="urn:oasis:names:tc:xacml:1.0:function:anyURI-equal">
						<AttributeValue DataType="http://www.w3.org/2001/XMLSchema#anyURI">urn:uuid:bab9529a-4a10-40b3-a01f-f68a615d247a</AttributeValue>
						<ActionAttributeDesignator AttributeId="urn:ihe:iti:2016:RegistryStoredQuery:queryId" DataType="http://www.w3.org/2001/XMLSchema#anyURI"/>
					</ActionMatch>
				</Action>
				<!-- OR -->
				<Action>
					<!-- Registry Stored Query 'GetSubmissionSets' -->
					<ActionMatch MatchId="urn:oasis:names:tc:xacml:1.0:function:anyURI-equal">
						<AttributeValue DataType="http://www.w3.org/2001/XMLSchema#anyURI">urn:ihe:iti:2007:RegistryStoredQuery</AttributeValue>
						<ActionAttributeDesignator AttributeId="urn:oasis:names:tc:xacml:1.0:action:action-id" DataType="http://www.w3.org/2001/XMLSchema#anyURI"/>
					</ActionMatch>
					<!-- AND -->
					<ActionMatch MatchId="urn:oasis:names:tc:xacml:1.0:function:anyURI-equal">
						<AttributeValue DataType="http://www.w3.org/2001/XMLSchema#anyURI">urn:uuid:51224314-5390-4169-9b91-b1980040715a</AttributeValue>
						<ActionAttributeDesignator AttributeId="urn:ihe:iti:2016:RegistryStoredQuery:queryId" DataType="http://www.w3.org/2001/XMLSchema#anyURI"/>
					</ActionMatch>
				</Action>
				<!-- OR -->
				<Action>
					<!-- Registry Stored Query 'GetSubmissionSetAndContents' -->
					<ActionMatch MatchId="urn:oasis:names:tc:xacml:1.0:function:anyURI-equal">
						<AttributeValue DataType="http://www.w3.org/2001/XMLSchema#anyURI">urn:ihe:iti:2007:RegistryStoredQuery</AttributeValue>
						<ActionAttributeDesignator AttributeId="urn:oasis:names:tc:xacml:1.0:action:action-id" DataType="http://www.w3.org/2001/XMLSchema#anyURI"/>
					</ActionMatch>
					<!-- AND -->
					<ActionMatch MatchId="urn:oasis:names:tc:xacml:1.0:function:anyURI-equal">
						<AttributeValue DataType="http://www.w3.org/2001/XMLSchema#anyURI">urn:uuid:e8e3cb2c-e39c-46b9-99e4-c12f57260b83</AttributeValue>
						<ActionAttributeDesignator AttributeId="urn:ihe:iti:2016:RegistryStoredQuery:queryId" DataType="http://www.w3.org/2001/XMLSchema#anyURI"/>
					</ActionMatch>
				</Action>
				<!-- OR -->
				<Action>
					<!-- Registry Stored Query 'GetRelatedDocuments' -->
					<ActionMatch MatchId="urn:oasis:names:tc:xacml:1.0:function:anyURI-equal">
						<AttributeValue DataType="http://www.w3.org/2001/XMLSchema#anyURI">urn:ihe:iti:2007:RegistryStoredQuery</AttributeValue>
						<ActionAttributeDesignator AttributeId="urn:oasis:names:tc:xacml:1.0:action:action-id" DataType="http://www.w3.org/2001/XMLSchema#anyURI"/>
					</ActionMatch>
					<!-- AND -->
					<ActionMatch MatchId="urn:oasis:names:tc:xacml:1.0:function:anyURI-equal">
						<AttributeValue DataType="http://www.w3.org/2001/XMLSchema#anyURI">urn:uuid:d90e5407-b356-4d91-a89f-873917b4b0e6</AttributeValue>
						<ActionAttributeDesignator AttributeId="urn:ihe:iti:2016:RegistryStoredQuery:queryId" DataType="http://www.w3.org/2001/XMLSchema#anyURI"/>
					</ActionMatch>
				</Action>
				<!-- OR -->
				<Action>
					<!-- Registry Stored Query 'FindDocumentsByReferenceId' -->
					<ActionMatch MatchId="urn:oasis:names:tc:xacml:1.0:function:anyURI-equal">
						<AttributeValue DataType="http://www.w3.org/2001/XMLSchema#anyURI">urn:ihe:iti:2007:RegistryStoredQuery</AttributeValue>
						<ActionAttributeDesignator AttributeId="urn:oasis:names:tc:xacml:1.0:action:action-id" DataType="http://www.w3.org/2001/XMLSchema#anyURI"/>
					</ActionMatch>
					<!-- AND -->
					<ActionMatch MatchId="urn:oasis:names:tc:xacml:1.0:function:anyURI-equal">
						<AttributeValue DataType="http://www.w3.org/2001/XMLSchema#anyURI">urn:uuid:12941a89-e02e-4be5-967c-ce4bfc8fe492</AttributeValue>
						<ActionAttributeDesignator AttributeId="urn:ihe:iti:2016:RegistryStoredQuery:queryId" DataType="http://www.w3.org/2001/XMLSchema#anyURI"/>
					</ActionMatch>
				</Action>
				<!-- OR -->
				<Action>
					<!-- Registry Stored Query 'FindDocumentsByTitle' -->
					<ActionMatch MatchId="urn:oasis:names:tc:xacml:1.0:function:anyURI-equal">
						<AttributeValue DataType="http://www.w3.org/2001/XMLSchema#anyURI">urn:ihe:iti:2007:RegistryStoredQuery</AttributeValue>
						<ActionAttributeDesignator AttributeId="urn:oasis:names:tc:xacml:1.0:action:action-id" DataType="http://www.w3.org/2001/XMLSchema#anyURI"/>
					</ActionMatch>
					<!-- AND -->
					<ActionMatch MatchId="urn:oasis:names:tc:xacml:1.0:function:anyURI-equal">
						<AttributeValue DataType="http://www.w3.org/2001/XMLSchema#anyURI">urn:uuid:ab474085-82b5-402d-8115-3f37cb1e2405</AttributeValue>
						<ActionAttributeDesignator AttributeId="urn:ihe:iti:2016:RegistryStoredQuery:queryId" DataType="http://www.w3.org/2001/XMLSchema#anyURI"/>
					</ActionMatch>
				</Action>					
				<!-- OR -->
				<Action>
					<!--  RemoveDocuments -->
					<ActionMatch MatchId="urn:oasis:names:tc:xacml:1.0:function:anyURI-equal">
						<AttributeValue DataType="http://www.w3.org/2001/XMLSchema#anyURI">urn:ihe:iti:2017:RemoveDocuments</AttributeValue>
						<ActionAttributeDesignator AttributeId="urn:oasis:names:tc:xacml:1.0:action:action-id" DataType="http://www.w3.org/2001/XMLSchema#anyURI"/>
					</ActionMatch>
				</Action>
				<!-- OR -->
				<Action>
					<!--  RetrieveDocumentSet -->
					<ActionMatch MatchId="urn:oasis:names:tc:xacml:1.0:function:anyURI-equal">
						<AttributeValue DataType="http://www.w3.org/2001/XMLSchema#anyURI">urn:ihe:iti:2007:RetrieveDocumentSet</AttributeValue>
						<ActionAttributeDesignator AttributeId="urn:oasis:names:tc:xacml:1.0:action:action-id" DataType="http://www.w3.org/2001/XMLSchema#anyURI"/>
					</ActionMatch>
				</Action>
				<!-- OR -->
				<Action>
					<!--  GetAuditEvents -->
					<ActionMatch MatchId="urn:oasis:names:tc:xacml:1.0:function:anyURI-equal">
						<AttributeValue DataType="http://www.w3.org/2001/XMLSchema#anyURI">http://ws.gematik.de/fd/phr/I_Account_Management_Insurant/v1.0/GetAuditEvents</AttributeValue>
						<ActionAttributeDesignator AttributeId="urn:oasis:names:tc:xacml:1.0:action:action-id" DataType="http://www.w3.org/2001/XMLSchema#anyURI"/>
					</ActionMatch>
				</Action>
				<!-- OR -->
				<Action>
					<!--  ResumeAccount -->
					<ActionMatch MatchId="urn:oasis:names:tc:xacml:1.0:function:anyURI-equal">
						<AttributeValue DataType="http://www.w3.org/2001/XMLSchema#anyURI">ahttp://ws.gematik.de/fd/phr/I_Account_Management_Insurant/v1.0/ResumeAccount</AttributeValue>
						<ActionAttributeDesignator AttributeId="urn:oasis:names:tc:xacml:1.0:action:action-id" DataType="http://www.w3.org/2001/XMLSchema#anyURI"/>
					</ActionMatch>
				</Action>
			</Actions>
		</Target>
		<Rule RuleId="urn:uuid:424736c7-a322-4681-a7d9-9abc50773210" Effect="Permit"/>
	</Policy>
	<Policy PolicyId="urn:uuid:2ef607cb-1b57-45be-bd98-f1adbd05749f" RuleCombiningAlgId="urn:oasis:names:tc:xacml:1.0:rule-combining-algorithm:deny-overrides">
		<Target>
			<Resources>
				<Resource>
					<ResourceMatch MatchId="urn:oasis:names:tc:xacml:1.0:function:string-equal">
						<AttributeValue DataType="http://www.w3.org/2001/XMLSchema#string">DISMISSED</AttributeValue>
						<ResourceAttributeDesignator AttributeId="urn:gematik:fa:phr:1.0:status:status-id" DataType="http://www.w3.org/2001/XMLSchema#string"/>
					</ResourceMatch>
				</Resource>
			</Resources>
			<Actions>
				<Action>
					<!--  SuspendAccount -->
					<ActionMatch MatchId="urn:oasis:names:tc:xacml:1.0:function:anyURI-equal">
						<AttributeValue DataType="http://www.w3.org/2001/XMLSchema#anyURI">http://ws.gematik.de/fd/phr/I_Account_Management_Insurant/v1.0/SuspendAccount</AttributeValue>
						<ActionAttributeDesignator AttributeId="urn:oasis:names:tc:xacml:1.0:action:action-id" DataType="http://www.w3.org/2001/XMLSchema#anyURI"/>
					</ActionMatch>
				</Action>
			</Actions>
		</Target>
		<Rule RuleId="urn:uuid:edfc849f-5b6c-4d91-8bcf-04c7693e9ec1" Effect="Permit"/>
	</Policy>
</PolicySet>
